# ************************************************************
# Sequel Pro SQL dump
# Version 4541
#
# http://www.sequelpro.com/
# https://github.com/sequelpro/sequelpro
#
# Host: localhost (MySQL 5.6.38)
# Database: admin_theangkringan
# Generation Time: 2019-09-26 01:49:30 +0000
# ************************************************************


/*!40101 SET @OLD_CHARACTER_SET_CLIENT=@@CHARACTER_SET_CLIENT */;
/*!40101 SET @OLD_CHARACTER_SET_RESULTS=@@CHARACTER_SET_RESULTS */;
/*!40101 SET @OLD_COLLATION_CONNECTION=@@COLLATION_CONNECTION */;
/*!40101 SET NAMES utf8 */;
/*!40014 SET @OLD_FOREIGN_KEY_CHECKS=@@FOREIGN_KEY_CHECKS, FOREIGN_KEY_CHECKS=0 */;
/*!40101 SET @OLD_SQL_MODE=@@SQL_MODE, SQL_MODE='NO_AUTO_VALUE_ON_ZERO' */;
/*!40111 SET @OLD_SQL_NOTES=@@SQL_NOTES, SQL_NOTES=0 */;


# Dump of table master_city
# ------------------------------------------------------------

DROP TABLE IF EXISTS `master_city`;

CREATE TABLE `master_city` (
  `id` int(10) NOT NULL AUTO_INCREMENT,
  `name` varchar(30) DEFAULT NULL,
  `master_province_id` int(10) DEFAULT NULL,
  `created_at` timestamp NOT NULL DEFAULT CURRENT_TIMESTAMP ON UPDATE CURRENT_TIMESTAMP,
  `updated_at` timestamp NOT NULL DEFAULT '0000-00-00 00:00:00',
  `deleted_at` timestamp NULL DEFAULT NULL,
  PRIMARY KEY (`id`),
  KEY `pro_kota` (`master_province_id`)
) ENGINE=InnoDB DEFAULT CHARSET=latin1;

LOCK TABLES `master_city` WRITE;
/*!40000 ALTER TABLE `master_city` DISABLE KEYS */;

INSERT INTO `master_city` (`id`, `name`, `master_province_id`, `created_at`, `updated_at`, `deleted_at`)
VALUES
	(1,'Kabupaten Aceh Barat',1,'2016-07-12 11:13:23','0000-00-00 00:00:00',NULL),
	(2,'Kabupaten Aceh Barat Daya',1,'2016-07-12 11:13:23','0000-00-00 00:00:00',NULL),
	(3,'Kabupaten Aceh Besar',1,'2016-07-12 11:13:23','0000-00-00 00:00:00',NULL),
	(4,'Kabupaten Aceh Jaya',1,'2016-07-12 11:13:23','0000-00-00 00:00:00',NULL),
	(5,'Kabupaten Aceh Selatan',1,'2016-07-12 11:13:23','0000-00-00 00:00:00',NULL),
	(6,'Kabupaten Aceh Singkil',1,'2016-07-12 11:13:23','0000-00-00 00:00:00',NULL),
	(7,'Kabupaten Aceh Tamiang',1,'2016-07-12 11:13:23','0000-00-00 00:00:00',NULL),
	(8,'Kabupaten Aceh Tengah',1,'2016-07-12 11:13:23','0000-00-00 00:00:00',NULL),
	(9,'Kabupaten Aceh Tenggara',1,'2016-07-12 11:13:23','0000-00-00 00:00:00',NULL),
	(10,'Kabupaten Aceh Timur',1,'2016-07-12 11:13:23','0000-00-00 00:00:00',NULL),
	(11,'Kabupaten Aceh Utara',1,'2016-07-12 11:13:23','0000-00-00 00:00:00',NULL),
	(12,'Kabupaten Bener Meriah',1,'2016-07-12 11:13:23','0000-00-00 00:00:00',NULL),
	(13,'Kabupaten Bireuen',1,'2016-07-12 11:13:23','0000-00-00 00:00:00',NULL),
	(14,'Kabupaten Gayo Luwes',1,'2016-07-12 11:13:23','0000-00-00 00:00:00',NULL),
	(15,'Kabupaten Nagan Raya',1,'2016-07-12 11:13:23','0000-00-00 00:00:00',NULL),
	(16,'Kabupaten Pidie',1,'2016-07-12 11:13:23','0000-00-00 00:00:00',NULL),
	(17,'Kabupaten Pidie Jaya',1,'2016-07-12 11:13:23','0000-00-00 00:00:00',NULL),
	(18,'Kabupaten Simeulue',1,'2016-07-12 11:13:23','0000-00-00 00:00:00',NULL),
	(19,'Kota Banda Aceh',1,'2016-07-12 11:13:23','0000-00-00 00:00:00',NULL),
	(20,'Kota Langsa',1,'2016-07-12 11:13:23','0000-00-00 00:00:00',NULL),
	(21,'Kota Lhokseumawe',1,'2016-07-12 11:13:23','0000-00-00 00:00:00',NULL),
	(22,'Kota Sabang',1,'2016-07-12 11:13:23','0000-00-00 00:00:00',NULL),
	(23,'Kota Subulussalam',1,'2016-07-12 11:13:23','0000-00-00 00:00:00',NULL),
	(24,'Kabupaten Asahan',2,'2016-07-12 11:13:23','0000-00-00 00:00:00',NULL),
	(25,'Kabupaten Batubara',2,'2016-07-12 11:13:23','0000-00-00 00:00:00',NULL),
	(26,'Kabupaten Dairi',2,'2016-07-12 11:13:23','0000-00-00 00:00:00',NULL),
	(27,'Kabupaten Deli Serdang',2,'2016-07-12 11:13:23','0000-00-00 00:00:00',NULL),
	(28,'Kabupaten Humbang Hasundutan',2,'2016-07-12 11:13:23','0000-00-00 00:00:00',NULL),
	(29,'Kabupaten Karo',2,'2016-07-12 11:13:23','0000-00-00 00:00:00',NULL),
	(30,'Kabupaten Labuhan Batu',2,'2016-07-12 11:13:23','0000-00-00 00:00:00',NULL),
	(31,'Kabupaten Labuhanbatu Selatan',2,'2016-07-12 11:13:23','0000-00-00 00:00:00',NULL),
	(32,'Kabupaten Labuhanbatu Utara',2,'2016-07-12 11:13:23','0000-00-00 00:00:00',NULL),
	(33,'Kabupaten Langkat',2,'2016-07-12 11:13:23','0000-00-00 00:00:00',NULL),
	(34,'Kabupaten Mandailing Natal',2,'2016-07-12 11:13:23','0000-00-00 00:00:00',NULL),
	(35,'Kabupaten Nias',2,'2016-07-12 11:13:23','0000-00-00 00:00:00',NULL),
	(36,'Kabupaten Nias Barat',2,'2016-07-12 11:13:23','0000-00-00 00:00:00',NULL),
	(37,'Kabupaten Nias Selatan',2,'2016-07-12 11:13:23','0000-00-00 00:00:00',NULL),
	(38,'Kabupaten Nias Utara',2,'2016-07-12 11:13:23','0000-00-00 00:00:00',NULL),
	(39,'Kabupaten Padang Lawas',2,'2016-07-12 11:13:23','0000-00-00 00:00:00',NULL),
	(40,'Kabupaten Padang Lawas Utara',2,'2016-07-12 11:13:23','0000-00-00 00:00:00',NULL),
	(41,'Kabupaten Pakpak Barat',2,'2016-07-12 11:13:23','0000-00-00 00:00:00',NULL),
	(42,'Kabupaten Samosir',2,'2016-07-12 11:13:23','0000-00-00 00:00:00',NULL),
	(43,'Kabupaten Serdang Bedagai',2,'2016-07-12 11:13:23','0000-00-00 00:00:00',NULL),
	(44,'Kabupaten Simalungun',2,'2016-07-12 11:13:23','0000-00-00 00:00:00',NULL),
	(45,'Kabupaten Tapanuli Selatan',2,'2016-07-12 11:13:23','0000-00-00 00:00:00',NULL),
	(46,'Kabupaten Tapanuli Tengah',2,'2016-07-12 11:13:23','0000-00-00 00:00:00',NULL),
	(47,'Kabupaten Tapanuli Utara',2,'2016-07-12 11:13:23','0000-00-00 00:00:00',NULL),
	(48,'Kabupaten Toba Samosir',2,'2016-07-12 11:13:23','0000-00-00 00:00:00',NULL),
	(49,'Kota Binjai',2,'2016-07-12 11:13:23','0000-00-00 00:00:00',NULL),
	(50,'Kota Gunung Sitoli',2,'2016-07-12 11:13:23','0000-00-00 00:00:00',NULL),
	(51,'Kota Medan',2,'2016-07-12 11:13:23','0000-00-00 00:00:00',NULL),
	(52,'Kota Padangsidempuan',2,'2016-07-12 11:13:23','0000-00-00 00:00:00',NULL),
	(53,'Kota Pematang Siantar',2,'2016-07-12 11:13:23','0000-00-00 00:00:00',NULL),
	(54,'Kota Sibolga',2,'2016-07-12 11:13:23','0000-00-00 00:00:00',NULL),
	(55,'Kota Tanjung Balai',2,'2016-07-12 11:13:23','0000-00-00 00:00:00',NULL),
	(56,'Kota Tebing Tinggi',2,'2016-07-12 11:13:23','0000-00-00 00:00:00',NULL),
	(57,'Kabupaten Agam',3,'2016-07-12 11:13:23','0000-00-00 00:00:00',NULL),
	(58,'Kabupaten Dharmas Raya',3,'2016-07-12 11:13:23','0000-00-00 00:00:00',NULL),
	(59,'Kabupaten Kepulauan Mentawai',3,'2016-07-12 11:13:23','0000-00-00 00:00:00',NULL),
	(60,'Kabupaten Lima Puluh Kota',3,'2016-07-12 11:13:23','0000-00-00 00:00:00',NULL),
	(61,'Kabupaten Padang Pariaman',3,'2016-07-12 11:13:23','0000-00-00 00:00:00',NULL),
	(62,'Kabupaten Pasaman',3,'2016-07-12 11:13:23','0000-00-00 00:00:00',NULL),
	(63,'Kabupaten Pasaman Barat',3,'2016-07-12 11:13:23','0000-00-00 00:00:00',NULL),
	(64,'Kabupaten Pesisir Selatan',3,'2016-07-12 11:13:23','0000-00-00 00:00:00',NULL),
	(65,'Kabupaten Sijunjung',3,'2016-07-12 11:13:23','0000-00-00 00:00:00',NULL),
	(66,'Kabupaten Solok',3,'2016-07-12 11:13:23','0000-00-00 00:00:00',NULL),
	(67,'Kabupaten Solok Selatan',3,'2016-07-12 11:13:23','0000-00-00 00:00:00',NULL),
	(68,'Kabupaten Tanah Datar',3,'2016-07-12 11:13:23','0000-00-00 00:00:00',NULL),
	(69,'Kota Bukittinggi',3,'2016-07-12 11:13:23','0000-00-00 00:00:00',NULL),
	(70,'Kota Padang',3,'2016-07-12 11:13:23','0000-00-00 00:00:00',NULL),
	(71,'Kota Padang Panjang',3,'2016-07-12 11:13:23','0000-00-00 00:00:00',NULL),
	(72,'Kota Pariaman',3,'2016-07-12 11:13:23','0000-00-00 00:00:00',NULL),
	(73,'Kota Payakumbuh',3,'2016-07-12 11:13:23','0000-00-00 00:00:00',NULL),
	(74,'Kota Sawah Lunto',3,'2016-07-12 11:13:23','0000-00-00 00:00:00',NULL),
	(75,'Kota Solok',3,'2016-07-12 11:13:23','0000-00-00 00:00:00',NULL),
	(76,'Kabupaten Bengkalis',4,'2016-07-12 11:13:23','0000-00-00 00:00:00',NULL),
	(77,'Kabupaten Indragiri Hilir',4,'2016-07-12 11:13:23','0000-00-00 00:00:00',NULL),
	(78,'Kabupaten Indragiri Hulu',4,'2016-07-12 11:13:23','0000-00-00 00:00:00',NULL),
	(79,'Kabupaten Kampar',4,'2016-07-12 11:13:23','0000-00-00 00:00:00',NULL),
	(80,'Kabupaten Kuantan Singingi',4,'2016-07-12 11:13:23','0000-00-00 00:00:00',NULL),
	(81,'Kabupaten Meranti',4,'2016-07-12 11:13:23','0000-00-00 00:00:00',NULL),
	(82,'Kabupaten Pelalawan',4,'2016-07-12 11:13:23','0000-00-00 00:00:00',NULL),
	(83,'Kabupaten Rokan Hilir',4,'2016-07-12 11:13:23','0000-00-00 00:00:00',NULL),
	(84,'Kabupaten Rokan Hulu',4,'2016-07-12 11:13:23','0000-00-00 00:00:00',NULL),
	(85,'Kabupaten Siak',4,'2016-07-12 11:13:23','0000-00-00 00:00:00',NULL),
	(86,'Kota Dumai',4,'2016-07-12 11:13:23','0000-00-00 00:00:00',NULL),
	(87,'Kota Pekanbaru',4,'2016-07-12 11:13:23','0000-00-00 00:00:00',NULL),
	(88,'Kabupaten Bintan',5,'2016-07-12 11:13:23','0000-00-00 00:00:00',NULL),
	(89,'Kabupaten Karimun',5,'2016-07-12 11:13:23','0000-00-00 00:00:00',NULL),
	(90,'Kabupaten Kepulauan Anambas',5,'2016-07-12 11:13:23','0000-00-00 00:00:00',NULL),
	(91,'Kabupaten Lingga',5,'2016-07-12 11:13:23','0000-00-00 00:00:00',NULL),
	(92,'Kabupaten Natuna',5,'2016-07-12 11:13:23','0000-00-00 00:00:00',NULL),
	(93,'Kota Batam',5,'2016-07-12 11:13:23','0000-00-00 00:00:00',NULL),
	(94,'Kota Tanjung Pinang',5,'2016-07-12 11:13:23','0000-00-00 00:00:00',NULL),
	(95,'Kabupaten Bangka',6,'2016-07-12 11:13:23','0000-00-00 00:00:00',NULL),
	(96,'Kabupaten Bangka Barat',6,'2016-07-12 11:13:23','0000-00-00 00:00:00',NULL),
	(97,'Kabupaten Bangka Selatan',6,'2016-07-12 11:13:23','0000-00-00 00:00:00',NULL),
	(98,'Kabupaten Bangka Tengah',6,'2016-07-12 11:13:23','0000-00-00 00:00:00',NULL),
	(99,'Kabupaten Belitung',6,'2016-07-12 11:13:23','0000-00-00 00:00:00',NULL),
	(100,'Kabupaten Belitung Timur',6,'2016-07-12 11:13:23','0000-00-00 00:00:00',NULL),
	(101,'Kota Pangkal Pinang',6,'2016-07-12 11:13:23','0000-00-00 00:00:00',NULL),
	(102,'Kabupaten Kerinci',7,'2016-07-12 11:13:23','0000-00-00 00:00:00',NULL),
	(103,'Kabupaten Merangin',7,'2016-07-12 11:13:23','0000-00-00 00:00:00',NULL),
	(104,'Kabupaten Sarolangun',7,'2016-07-12 11:13:23','0000-00-00 00:00:00',NULL),
	(105,'Kabupaten Batang Hari',7,'2016-07-12 11:13:23','0000-00-00 00:00:00',NULL),
	(106,'Kabupaten Muaro Jambi',7,'2016-07-12 11:13:23','0000-00-00 00:00:00',NULL),
	(107,'Kabupaten Tanjung Jabung Timur',7,'2016-07-12 11:13:23','0000-00-00 00:00:00',NULL),
	(108,'Kabupaten Tanjung Jabung Barat',7,'2016-07-12 11:13:23','0000-00-00 00:00:00',NULL),
	(109,'Kabupaten Tebo',7,'2016-07-12 11:13:23','0000-00-00 00:00:00',NULL),
	(110,'Kabupaten Bungo',7,'2016-07-12 11:13:23','0000-00-00 00:00:00',NULL),
	(111,'Kota Jambi',7,'2016-07-12 11:13:23','0000-00-00 00:00:00',NULL),
	(112,'Kota Sungai Penuh',7,'2016-07-12 11:13:23','0000-00-00 00:00:00',NULL),
	(113,'Kabupaten Bengkulu Selatan',8,'2016-07-12 11:13:23','0000-00-00 00:00:00',NULL),
	(114,'Kabupaten Bengkulu Tengah',8,'2016-07-12 11:13:23','0000-00-00 00:00:00',NULL),
	(115,'Kabupaten Bengkulu Utara',8,'2016-07-12 11:13:23','0000-00-00 00:00:00',NULL),
	(116,'Kabupaten Kaur',8,'2016-07-12 11:13:23','0000-00-00 00:00:00',NULL),
	(117,'Kabupaten Kepahiang',8,'2016-07-12 11:13:23','0000-00-00 00:00:00',NULL),
	(118,'Kabupaten Lebong',8,'2016-07-12 11:13:23','0000-00-00 00:00:00',NULL),
	(119,'Kabupaten Mukomuko',8,'2016-07-12 11:13:23','0000-00-00 00:00:00',NULL),
	(120,'Kabupaten Rejang Lebong',8,'2016-07-12 11:13:23','0000-00-00 00:00:00',NULL),
	(121,'Kabupaten Seluma',8,'2016-07-12 11:13:23','0000-00-00 00:00:00',NULL),
	(122,'Kota Bengkulu',8,'2016-07-12 11:13:23','0000-00-00 00:00:00',NULL),
	(123,'Kabupaten Banyuasin',9,'2016-07-12 11:13:23','0000-00-00 00:00:00',NULL),
	(124,'Kabupaten Empat Lawang',9,'2016-07-12 11:13:23','0000-00-00 00:00:00',NULL),
	(125,'Kabupaten Lahat',9,'2016-07-12 11:13:23','0000-00-00 00:00:00',NULL),
	(126,'Kabupaten Muara Enim',9,'2016-07-12 11:13:23','0000-00-00 00:00:00',NULL),
	(127,'Kabupaten Musi Banyu Asin',9,'2016-07-12 11:13:23','0000-00-00 00:00:00',NULL),
	(128,'Kabupaten Musi Rawas',9,'2016-07-12 11:13:23','0000-00-00 00:00:00',NULL),
	(129,'Kabupaten Ogan Ilir',9,'2016-07-12 11:13:23','0000-00-00 00:00:00',NULL),
	(130,'Kabupaten Ogan Komering Ilir',9,'2016-07-12 11:13:23','0000-00-00 00:00:00',NULL),
	(131,'Kabupaten Ogan Komering Ulu',9,'2016-07-12 11:13:23','0000-00-00 00:00:00',NULL),
	(132,'Kabupaten Ogan Komering Ulu Se',9,'2016-07-12 11:13:23','0000-00-00 00:00:00',NULL),
	(133,'Kabupaten Ogan Komering Ulu Ti',9,'2016-07-12 11:13:23','0000-00-00 00:00:00',NULL),
	(134,'Kota Lubuklinggau',9,'2016-07-12 11:13:23','0000-00-00 00:00:00',NULL),
	(135,'Kota Pagar Alam',9,'2016-07-12 11:13:23','0000-00-00 00:00:00',NULL),
	(136,'Kota Palembang',9,'2016-07-12 11:13:23','0000-00-00 00:00:00',NULL),
	(137,'Kota Prabumulih',9,'2016-07-12 11:13:23','0000-00-00 00:00:00',NULL),
	(138,'Kabupaten Lampung Barat',10,'2016-07-12 11:13:23','0000-00-00 00:00:00',NULL),
	(139,'Kabupaten Lampung Selatan',10,'2016-07-12 11:13:23','0000-00-00 00:00:00',NULL),
	(140,'Kabupaten Lampung Tengah',10,'2016-07-12 11:13:23','0000-00-00 00:00:00',NULL),
	(141,'Kabupaten Lampung Timur',10,'2016-07-12 11:13:23','0000-00-00 00:00:00',NULL),
	(142,'Kabupaten Lampung Utara',10,'2016-07-12 11:13:23','0000-00-00 00:00:00',NULL),
	(143,'Kabupaten Mesuji',10,'2016-07-12 11:13:23','0000-00-00 00:00:00',NULL),
	(144,'Kabupaten Pesawaran',10,'2016-07-12 11:13:23','0000-00-00 00:00:00',NULL),
	(145,'Kabupaten Pringsewu',10,'2016-07-12 11:13:23','0000-00-00 00:00:00',NULL),
	(146,'Kabupaten Tanggamus',10,'2016-07-12 11:13:23','0000-00-00 00:00:00',NULL),
	(147,'Kabupaten Tulang Bawang',10,'2016-07-12 11:13:23','0000-00-00 00:00:00',NULL),
	(148,'Kabupaten Tulang Bawang Barat',10,'2016-07-12 11:13:23','0000-00-00 00:00:00',NULL),
	(149,'Kabupaten Way Kanan',10,'2016-07-12 11:13:23','0000-00-00 00:00:00',NULL),
	(150,'Kota Bandar Lampung',10,'2016-07-12 11:13:23','0000-00-00 00:00:00',NULL),
	(151,'Kota Metro',10,'2016-07-12 11:13:23','0000-00-00 00:00:00',NULL),
	(152,'Kabupaten Lebak',11,'2016-07-12 11:13:23','0000-00-00 00:00:00',NULL),
	(153,'Kabupaten Pandeglang',11,'2016-07-12 11:13:23','0000-00-00 00:00:00',NULL),
	(154,'Kabupaten Serang',11,'2016-07-12 11:13:23','0000-00-00 00:00:00',NULL),
	(155,'Kabupaten Tangerang',11,'2016-07-12 11:13:23','0000-00-00 00:00:00',NULL),
	(156,'Kota Cilegon',11,'2016-07-12 11:13:23','0000-00-00 00:00:00',NULL),
	(157,'Kota Serang',11,'2016-07-12 11:13:23','0000-00-00 00:00:00',NULL),
	(158,'Kota Tangerang',11,'2016-07-12 11:13:23','0000-00-00 00:00:00',NULL),
	(159,'Kota Tangerang Selatan',11,'2016-07-12 11:13:23','0000-00-00 00:00:00',NULL),
	(160,'Kabupaten Adm. Kepulauan Serib',12,'2016-07-12 11:13:23','0000-00-00 00:00:00',NULL),
	(161,'Kota Jakarta Barat',12,'2016-07-12 11:13:23','0000-00-00 00:00:00',NULL),
	(162,'Kota Jakarta Pusat',12,'2016-07-12 11:13:23','0000-00-00 00:00:00',NULL),
	(163,'Kota Jakarta Selatan',12,'2016-07-12 11:13:23','0000-00-00 00:00:00',NULL),
	(164,'Kota Jakarta Timur',12,'2016-07-12 11:13:23','0000-00-00 00:00:00',NULL),
	(165,'Kota Jakarta Utara',12,'2016-07-12 11:13:23','0000-00-00 00:00:00',NULL),
	(166,'Kabupaten Bandung',13,'2016-07-12 11:13:23','0000-00-00 00:00:00',NULL),
	(167,'Kabupaten Bandung Barat',13,'2016-07-12 11:13:23','0000-00-00 00:00:00',NULL),
	(168,'Kabupaten Bekasi',13,'2016-07-12 11:13:23','0000-00-00 00:00:00',NULL),
	(169,'Kabupaten Bogor',13,'2016-07-12 11:13:23','0000-00-00 00:00:00',NULL),
	(170,'Kabupaten Ciamis',13,'2016-07-12 11:13:23','0000-00-00 00:00:00',NULL),
	(171,'Kabupaten Cianjur',13,'2016-07-12 11:13:23','0000-00-00 00:00:00',NULL),
	(172,'Kabupaten Cirebon',13,'2016-07-12 11:13:23','0000-00-00 00:00:00',NULL),
	(173,'Kabupaten Garut',13,'2016-07-12 11:13:23','0000-00-00 00:00:00',NULL),
	(174,'Kabupaten Indramayu',13,'2016-07-12 11:13:23','0000-00-00 00:00:00',NULL),
	(175,'Kabupaten Karawang',13,'2016-07-12 11:13:23','0000-00-00 00:00:00',NULL),
	(176,'Kabupaten Kuningan',13,'2016-07-12 11:13:23','0000-00-00 00:00:00',NULL),
	(177,'Kabupaten Majalengka',13,'2016-07-12 11:13:23','0000-00-00 00:00:00',NULL),
	(178,'Kabupaten Purwakarta',13,'2016-07-12 11:13:23','0000-00-00 00:00:00',NULL),
	(179,'Kabupaten Subang',13,'2016-07-12 11:13:23','0000-00-00 00:00:00',NULL),
	(180,'Kabupaten Sukabumi',13,'2016-07-12 11:13:23','0000-00-00 00:00:00',NULL),
	(181,'Kabupaten Sumedang',13,'2016-07-12 11:13:23','0000-00-00 00:00:00',NULL),
	(182,'Kabupaten Tasikmalaya',13,'2016-07-12 11:13:23','0000-00-00 00:00:00',NULL),
	(183,'Kota Bandung',13,'2016-07-12 11:13:23','0000-00-00 00:00:00',NULL),
	(184,'Kota Banjar',13,'2016-07-12 11:13:23','0000-00-00 00:00:00',NULL),
	(185,'Kota Bekasi',13,'2016-07-12 11:13:23','0000-00-00 00:00:00',NULL),
	(186,'Kota Bogor',13,'2016-07-12 11:13:23','0000-00-00 00:00:00',NULL),
	(187,'Kota Cimahi',13,'2016-07-12 11:13:23','0000-00-00 00:00:00',NULL),
	(188,'Kota Cirebon',13,'2016-07-12 11:13:23','0000-00-00 00:00:00',NULL),
	(189,'Kota Depok',13,'2016-07-12 11:13:23','0000-00-00 00:00:00',NULL),
	(190,'Kota Sukabumi',13,'2016-07-12 11:13:23','0000-00-00 00:00:00',NULL),
	(191,'Kota Tasikmalaya',13,'2016-07-12 11:13:23','0000-00-00 00:00:00',NULL),
	(192,'Kabupaten Banjarnegara',14,'2016-07-12 11:13:23','0000-00-00 00:00:00',NULL),
	(193,'Kabupaten Banyumas',14,'2016-07-12 11:13:23','0000-00-00 00:00:00',NULL),
	(194,'Kabupaten Batang',14,'2016-07-12 11:13:23','0000-00-00 00:00:00',NULL),
	(195,'Kabupaten Blora',14,'2016-07-12 11:13:23','0000-00-00 00:00:00',NULL),
	(196,'Kabupaten Boyolali',14,'2016-07-12 11:13:23','0000-00-00 00:00:00',NULL),
	(197,'Kabupaten Brebes',14,'2016-07-12 11:13:23','0000-00-00 00:00:00',NULL),
	(198,'Kabupaten Cilacap',14,'2016-07-12 11:13:23','0000-00-00 00:00:00',NULL),
	(199,'Kabupaten Demak',14,'2016-07-12 11:13:23','0000-00-00 00:00:00',NULL),
	(200,'Kabupaten Grobogan',14,'2016-07-12 11:13:23','0000-00-00 00:00:00',NULL),
	(201,'Kabupaten Jepara',14,'2016-07-12 11:13:23','0000-00-00 00:00:00',NULL),
	(202,'Kabupaten Karanganyar',14,'2016-07-12 11:13:23','0000-00-00 00:00:00',NULL),
	(203,'Kabupaten Kebumen',14,'2016-07-12 11:13:23','0000-00-00 00:00:00',NULL),
	(204,'Kabupaten Kendal',14,'2016-07-12 11:13:23','0000-00-00 00:00:00',NULL),
	(205,'Kabupaten Klaten',14,'2016-07-12 11:13:23','0000-00-00 00:00:00',NULL),
	(206,'Kabupaten Kota Tegal',14,'2016-07-12 11:13:23','0000-00-00 00:00:00',NULL),
	(207,'Kabupaten Kudus',14,'2016-07-12 11:13:23','0000-00-00 00:00:00',NULL),
	(208,'Kabupaten Magelang',14,'2016-07-12 11:13:23','0000-00-00 00:00:00',NULL),
	(209,'Kabupaten Pati',14,'2016-07-12 11:13:23','0000-00-00 00:00:00',NULL),
	(210,'Kabupaten Pekalongan',14,'2016-07-12 11:13:23','0000-00-00 00:00:00',NULL),
	(211,'Kabupaten Pemalang',14,'2016-07-12 11:13:23','0000-00-00 00:00:00',NULL),
	(212,'Kabupaten Purbalingga',14,'2016-07-12 11:13:23','0000-00-00 00:00:00',NULL),
	(213,'Kabupaten Purworejo',14,'2016-07-12 11:13:23','0000-00-00 00:00:00',NULL),
	(214,'Kabupaten Rembang',14,'2016-07-12 11:13:23','0000-00-00 00:00:00',NULL),
	(215,'Kabupaten Semarang',14,'2016-07-12 11:13:23','0000-00-00 00:00:00',NULL),
	(216,'Kabupaten Sragen',14,'2016-07-12 11:13:23','0000-00-00 00:00:00',NULL),
	(217,'Kabupaten Sukoharjo',14,'2016-07-12 11:13:23','0000-00-00 00:00:00',NULL),
	(218,'Kabupaten Temanggung',14,'2016-07-12 11:13:23','0000-00-00 00:00:00',NULL),
	(219,'Kabupaten Wonogiri',14,'2016-07-12 11:13:23','0000-00-00 00:00:00',NULL),
	(220,'Kabupaten Wonosobo',14,'2016-07-12 11:13:23','0000-00-00 00:00:00',NULL),
	(221,'Kota Magelang',14,'2016-07-12 11:13:23','0000-00-00 00:00:00',NULL),
	(222,'Kota Pekalongan',14,'2016-07-12 11:13:23','0000-00-00 00:00:00',NULL),
	(223,'Kota Salatiga',14,'2016-07-12 11:13:23','0000-00-00 00:00:00',NULL),
	(224,'Kota Semarang',14,'2016-07-12 11:13:23','0000-00-00 00:00:00',NULL),
	(225,'Kota Surakarta',14,'2016-07-12 11:13:23','0000-00-00 00:00:00',NULL),
	(226,'Kota Tegal',14,'2016-07-12 11:13:23','0000-00-00 00:00:00',NULL),
	(227,'Kabupaten Bantul',15,'2016-07-12 11:13:23','0000-00-00 00:00:00',NULL),
	(228,'Kabupaten Gunung Kidul',15,'2016-07-12 11:13:23','0000-00-00 00:00:00',NULL),
	(229,'Kabupaten Kulon Progo',15,'2016-07-12 11:13:23','0000-00-00 00:00:00',NULL),
	(230,'Kabupaten Sleman',15,'2016-07-12 11:13:23','0000-00-00 00:00:00',NULL),
	(231,'Kota Yogyakarta',15,'2016-07-12 11:13:23','0000-00-00 00:00:00',NULL),
	(232,'Kabupaten Bangkalan',16,'2016-07-12 11:13:23','0000-00-00 00:00:00',NULL),
	(233,'Kabupaten Banyuwangi',16,'2016-07-12 11:13:23','0000-00-00 00:00:00',NULL),
	(234,'Kabupaten Blitar',16,'2016-07-12 11:13:23','0000-00-00 00:00:00',NULL),
	(235,'Kabupaten Bojonegoro',16,'2016-07-12 11:13:23','0000-00-00 00:00:00',NULL),
	(236,'Kabupaten Bondowoso',16,'2016-07-12 11:13:23','0000-00-00 00:00:00',NULL),
	(237,'Kabupaten Gresik',16,'2016-07-12 11:13:23','0000-00-00 00:00:00',NULL),
	(238,'Kabupaten Jember',16,'2016-07-12 11:13:23','0000-00-00 00:00:00',NULL),
	(239,'Kabupaten Jombang',16,'2016-07-12 11:13:23','0000-00-00 00:00:00',NULL),
	(240,'Kabupaten Kediri',16,'2016-07-12 11:13:23','0000-00-00 00:00:00',NULL),
	(241,'Kabupaten Lamongan',16,'2016-07-12 11:13:23','0000-00-00 00:00:00',NULL),
	(242,'Kabupaten Lumajang',16,'2016-07-12 11:13:23','0000-00-00 00:00:00',NULL),
	(243,'Kabupaten Madiun',16,'2016-07-12 11:13:23','0000-00-00 00:00:00',NULL),
	(244,'Kabupaten Magetan',16,'2016-07-12 11:13:23','0000-00-00 00:00:00',NULL),
	(245,'Kabupaten Malang',16,'2016-07-12 11:13:23','0000-00-00 00:00:00',NULL),
	(246,'Kabupaten Mojokerto',16,'2016-07-12 11:13:23','0000-00-00 00:00:00',NULL),
	(247,'Kabupaten Nganjuk',16,'2016-07-12 11:13:23','0000-00-00 00:00:00',NULL),
	(248,'Kabupaten Ngawi',16,'2016-07-12 11:13:23','0000-00-00 00:00:00',NULL),
	(249,'Kabupaten Pacitan',16,'2016-07-12 11:13:23','0000-00-00 00:00:00',NULL),
	(250,'Kabupaten Pamekasan',16,'2016-07-12 11:13:23','0000-00-00 00:00:00',NULL),
	(251,'Kabupaten Pasuruan',16,'2016-07-12 11:13:23','0000-00-00 00:00:00',NULL),
	(252,'Kabupaten Ponorogo',16,'2016-07-12 11:13:23','0000-00-00 00:00:00',NULL),
	(253,'Kabupaten Probolinggo',16,'2016-07-12 11:13:23','0000-00-00 00:00:00',NULL),
	(254,'Kabupaten Sampang',16,'2016-07-12 11:13:23','0000-00-00 00:00:00',NULL),
	(255,'Kabupaten Sidoarjo',16,'2016-07-12 11:13:23','0000-00-00 00:00:00',NULL),
	(256,'Kabupaten Situbondo',16,'2016-07-12 11:13:23','0000-00-00 00:00:00',NULL),
	(257,'Kabupaten Sumenep',16,'2016-07-12 11:13:23','0000-00-00 00:00:00',NULL),
	(258,'Kabupaten Trenggalek',16,'2016-07-12 11:13:23','0000-00-00 00:00:00',NULL),
	(259,'Kabupaten Tuban',16,'2016-07-12 11:13:23','0000-00-00 00:00:00',NULL),
	(260,'Kabupaten Tulungagung',16,'2016-07-12 11:13:23','0000-00-00 00:00:00',NULL),
	(261,'Kota Batu',16,'2016-07-12 11:13:23','0000-00-00 00:00:00',NULL),
	(262,'Kota Blitar',16,'2016-07-12 11:13:23','0000-00-00 00:00:00',NULL),
	(263,'Kota Kediri',16,'2016-07-12 11:13:23','0000-00-00 00:00:00',NULL),
	(264,'Kota Madiun',16,'2016-07-12 11:13:23','0000-00-00 00:00:00',NULL),
	(265,'Kota Malang',16,'2016-07-12 11:13:23','0000-00-00 00:00:00',NULL),
	(266,'Kota Mojokerto',16,'2016-07-12 11:13:23','0000-00-00 00:00:00',NULL),
	(267,'Kota Pasuruan',16,'2016-07-12 11:13:23','0000-00-00 00:00:00',NULL),
	(268,'Kota Probolinggo',16,'2016-07-12 11:13:23','0000-00-00 00:00:00',NULL),
	(269,'Kota Surabaya',16,'2016-07-12 11:13:23','0000-00-00 00:00:00',NULL),
	(270,'Kabupaten Badung',17,'2016-07-12 11:13:23','0000-00-00 00:00:00',NULL),
	(271,'Kabupaten Bangli',17,'2016-07-12 11:13:23','0000-00-00 00:00:00',NULL),
	(272,'Kabupaten Buleleng',17,'2016-07-12 11:13:23','0000-00-00 00:00:00',NULL),
	(273,'Kabupaten Gianyar',17,'2016-07-12 11:13:23','0000-00-00 00:00:00',NULL),
	(274,'Kabupaten Jembrana',17,'2016-07-12 11:13:23','0000-00-00 00:00:00',NULL),
	(275,'Kabupaten Karang Asem',17,'2016-07-12 11:13:23','0000-00-00 00:00:00',NULL),
	(276,'Kabupaten Klungkung',17,'2016-07-12 11:13:23','0000-00-00 00:00:00',NULL),
	(277,'Kabupaten Tabanan',17,'2016-07-12 11:13:23','0000-00-00 00:00:00',NULL),
	(278,'Kota Denpasar',17,'2016-07-12 11:13:23','0000-00-00 00:00:00',NULL),
	(279,'Kabupaten Bima',18,'2016-07-12 11:13:23','0000-00-00 00:00:00',NULL),
	(280,'Kabupaten Dompu',18,'2016-07-12 11:13:23','0000-00-00 00:00:00',NULL),
	(281,'Kabupaten Lombok Barat',18,'2016-07-12 11:13:23','0000-00-00 00:00:00',NULL),
	(282,'Kabupaten Lombok Tengah',18,'2016-07-12 11:13:23','0000-00-00 00:00:00',NULL),
	(283,'Kabupaten Lombok Timur',18,'2016-07-12 11:13:23','0000-00-00 00:00:00',NULL),
	(284,'Kabupaten Lombok Utara',18,'2016-07-12 11:13:23','0000-00-00 00:00:00',NULL),
	(285,'Kabupaten Sumbawa',18,'2016-07-12 11:13:23','0000-00-00 00:00:00',NULL),
	(286,'Kabupaten Sumbawa Barat',18,'2016-07-12 11:13:23','0000-00-00 00:00:00',NULL),
	(287,'Kota Bima',18,'2016-07-12 11:13:23','0000-00-00 00:00:00',NULL),
	(288,'Kota Mataram',18,'2016-07-12 11:13:23','0000-00-00 00:00:00',NULL),
	(289,'Kabupaten Alor',19,'2016-07-12 11:13:23','0000-00-00 00:00:00',NULL),
	(290,'Kabupaten Belu',19,'2016-07-12 11:13:23','0000-00-00 00:00:00',NULL),
	(291,'Kabupaten Ende',19,'2016-07-12 11:13:23','0000-00-00 00:00:00',NULL),
	(292,'Kabupaten Flores Timur',19,'2016-07-12 11:13:23','0000-00-00 00:00:00',NULL),
	(293,'Kabupaten Kupang',19,'2016-07-12 11:13:23','0000-00-00 00:00:00',NULL),
	(294,'Kabupaten Lembata',19,'2016-07-12 11:13:23','0000-00-00 00:00:00',NULL),
	(295,'Kabupaten Manggarai',19,'2016-07-12 11:13:23','0000-00-00 00:00:00',NULL),
	(296,'Kabupaten Manggarai Barat',19,'2016-07-12 11:13:23','0000-00-00 00:00:00',NULL),
	(297,'Kabupaten Manggarai Timur',19,'2016-07-12 11:13:23','0000-00-00 00:00:00',NULL),
	(298,'Kabupaten Nagekeo',19,'2016-07-12 11:13:23','0000-00-00 00:00:00',NULL),
	(299,'Kabupaten Ngada',19,'2016-07-12 11:13:23','0000-00-00 00:00:00',NULL),
	(300,'Kabupaten Rote Ndao',19,'2016-07-12 11:13:23','0000-00-00 00:00:00',NULL),
	(301,'Kabupaten Sabu Raijua',19,'2016-07-12 11:13:23','0000-00-00 00:00:00',NULL),
	(302,'Kabupaten Sikka',19,'2016-07-12 11:13:23','0000-00-00 00:00:00',NULL),
	(303,'Kabupaten Sumba Barat',19,'2016-07-12 11:13:23','0000-00-00 00:00:00',NULL),
	(304,'Kabupaten Sumba Barat Daya',19,'2016-07-12 11:13:23','0000-00-00 00:00:00',NULL),
	(305,'Kabupaten Sumba Tengah',19,'2016-07-12 11:13:23','0000-00-00 00:00:00',NULL),
	(306,'Kabupaten Sumba Timur',19,'2016-07-12 11:13:23','0000-00-00 00:00:00',NULL),
	(307,'Kabupaten Timor Tengah Selatan',19,'2016-07-12 11:13:23','0000-00-00 00:00:00',NULL),
	(308,'Kabupaten Timor Tengah Utara',19,'2016-07-12 11:13:23','0000-00-00 00:00:00',NULL),
	(309,'Kota Kupang',19,'2016-07-12 11:13:23','0000-00-00 00:00:00',NULL),
	(310,'Kabupaten Bengkayang',20,'2016-07-12 11:13:23','0000-00-00 00:00:00',NULL),
	(311,'Kabupaten Kapuas Hulu',20,'2016-07-12 11:13:23','0000-00-00 00:00:00',NULL),
	(312,'Kabupaten Kayong Utara',20,'2016-07-12 11:13:23','0000-00-00 00:00:00',NULL),
	(313,'Kabupaten Ketapang',20,'2016-07-12 11:13:23','0000-00-00 00:00:00',NULL),
	(314,'Kabupaten Kubu Raya',20,'2016-07-12 11:13:23','0000-00-00 00:00:00',NULL),
	(315,'Kabupaten Landak',20,'2016-07-12 11:13:23','0000-00-00 00:00:00',NULL),
	(316,'Kabupaten Melawi',20,'2016-07-12 11:13:23','0000-00-00 00:00:00',NULL),
	(317,'Kabupaten Pontianak',20,'2016-07-12 11:13:23','0000-00-00 00:00:00',NULL),
	(318,'Kabupaten Sambas',20,'2016-07-12 11:13:23','0000-00-00 00:00:00',NULL),
	(319,'Kabupaten Sanggau',20,'2016-07-12 11:13:23','0000-00-00 00:00:00',NULL),
	(320,'Kabupaten Sekadau',20,'2016-07-12 11:13:23','0000-00-00 00:00:00',NULL),
	(321,'Kabupaten Sintang',20,'2016-07-12 11:13:23','0000-00-00 00:00:00',NULL),
	(322,'Kota Pontianak',20,'2016-07-12 11:13:23','0000-00-00 00:00:00',NULL),
	(323,'Kota Singkawang',20,'2016-07-12 11:13:23','0000-00-00 00:00:00',NULL),
	(324,'Kabupaten Barito Selatan',21,'2016-07-12 11:13:23','0000-00-00 00:00:00',NULL),
	(325,'Kabupaten Barito Timur',21,'2016-07-12 11:13:23','0000-00-00 00:00:00',NULL),
	(326,'Kabupaten Barito Utara',21,'2016-07-12 11:13:23','0000-00-00 00:00:00',NULL),
	(327,'Kabupaten Gunung Mas',21,'2016-07-12 11:13:23','0000-00-00 00:00:00',NULL),
	(328,'Kabupaten Kapuas',21,'2016-07-12 11:13:23','0000-00-00 00:00:00',NULL),
	(329,'Kabupaten Katingan',21,'2016-07-12 11:13:23','0000-00-00 00:00:00',NULL),
	(330,'Kabupaten Kotawaringin Barat',21,'2016-07-12 11:13:23','0000-00-00 00:00:00',NULL),
	(331,'Kabupaten Kotawaringin Timur',21,'2016-07-12 11:13:23','0000-00-00 00:00:00',NULL),
	(332,'Kabupaten Lamandau',21,'2016-07-12 11:13:23','0000-00-00 00:00:00',NULL),
	(333,'Kabupaten Murung Raya',21,'2016-07-12 11:13:23','0000-00-00 00:00:00',NULL),
	(334,'Kabupaten Pulang Pisau',21,'2016-07-12 11:13:23','0000-00-00 00:00:00',NULL),
	(335,'Kabupaten Seruyan',21,'2016-07-12 11:13:23','0000-00-00 00:00:00',NULL),
	(336,'Kabupaten Sukamara',21,'2016-07-12 11:13:23','0000-00-00 00:00:00',NULL),
	(337,'Kota Palangkaraya',21,'2016-07-12 11:13:23','0000-00-00 00:00:00',NULL),
	(338,'Kabupaten Balangan',22,'2016-07-12 11:13:23','0000-00-00 00:00:00',NULL),
	(339,'Kabupaten Banjar',22,'2016-07-12 11:13:23','0000-00-00 00:00:00',NULL),
	(340,'Kabupaten Barito Kuala',22,'2016-07-12 11:13:23','0000-00-00 00:00:00',NULL),
	(341,'Kabupaten Hulu Sungai Selatan',22,'2016-07-12 11:13:23','0000-00-00 00:00:00',NULL),
	(342,'Kabupaten Hulu Sungai Tengah',22,'2016-07-12 11:13:23','0000-00-00 00:00:00',NULL),
	(343,'Kabupaten Hulu Sungai Utara',22,'2016-07-12 11:13:23','0000-00-00 00:00:00',NULL),
	(344,'Kabupaten Kota Baru',22,'2016-07-12 11:13:23','0000-00-00 00:00:00',NULL),
	(345,'Kabupaten Tabalong',22,'2016-07-12 11:13:23','0000-00-00 00:00:00',NULL),
	(346,'Kabupaten Tanah Bumbu',22,'2016-07-12 11:13:23','0000-00-00 00:00:00',NULL),
	(347,'Kabupaten Tanah Laut',22,'2016-07-12 11:13:23','0000-00-00 00:00:00',NULL),
	(348,'Kabupaten Tapin',22,'2016-07-12 11:13:23','0000-00-00 00:00:00',NULL),
	(349,'Kota Banjar Baru',22,'2016-07-12 11:13:23','0000-00-00 00:00:00',NULL),
	(350,'Kota Banjarmasin',22,'2016-07-12 11:13:23','0000-00-00 00:00:00',NULL),
	(351,'Kabupaten Berau',23,'2016-07-12 11:13:23','0000-00-00 00:00:00',NULL),
	(352,'Kabupaten Bulongan',23,'2016-07-12 11:13:23','0000-00-00 00:00:00',NULL),
	(353,'Kabupaten Kutai Barat',23,'2016-07-12 11:13:23','0000-00-00 00:00:00',NULL),
	(354,'Kabupaten Kutai Kartanegara',23,'2016-07-12 11:13:23','0000-00-00 00:00:00',NULL),
	(355,'Kabupaten Kutai Timur',23,'2016-07-12 11:13:23','0000-00-00 00:00:00',NULL),
	(356,'Kabupaten Malinau',23,'2016-07-12 11:13:23','0000-00-00 00:00:00',NULL),
	(357,'Kabupaten Nunukan',23,'2016-07-12 11:13:23','0000-00-00 00:00:00',NULL),
	(358,'Kabupaten Paser',23,'2016-07-12 11:13:23','0000-00-00 00:00:00',NULL),
	(359,'Kabupaten Penajam Paser Utara',23,'2016-07-12 11:13:23','0000-00-00 00:00:00',NULL),
	(360,'Kabupaten Tana Tidung',23,'2016-07-12 11:13:23','0000-00-00 00:00:00',NULL),
	(361,'Kota Balikpapan',23,'2016-07-12 11:13:23','0000-00-00 00:00:00',NULL),
	(362,'Kota Bontang',23,'2016-07-12 11:13:23','0000-00-00 00:00:00',NULL),
	(363,'Kota Samarinda',23,'2016-07-12 11:13:23','0000-00-00 00:00:00',NULL),
	(364,'Kota Tarakan',23,'2016-07-12 11:13:23','0000-00-00 00:00:00',NULL),
	(365,'Kabupaten Boalemo',24,'2016-07-12 11:13:23','0000-00-00 00:00:00',NULL),
	(366,'Kabupaten Bone Bolango',24,'2016-07-12 11:13:23','0000-00-00 00:00:00',NULL),
	(367,'Kabupaten Gorontalo',24,'2016-07-12 11:13:23','0000-00-00 00:00:00',NULL),
	(368,'Kabupaten Gorontalo Utara',24,'2016-07-12 11:13:23','0000-00-00 00:00:00',NULL),
	(369,'Kabupaten Pohuwato',24,'2016-07-12 11:13:23','0000-00-00 00:00:00',NULL),
	(370,'Kota Gorontalo',24,'2016-07-12 11:13:23','0000-00-00 00:00:00',NULL),
	(371,'Kabupaten Bantaeng',25,'2016-07-12 11:13:23','0000-00-00 00:00:00',NULL),
	(372,'Kabupaten Barru',25,'2016-07-12 11:13:23','0000-00-00 00:00:00',NULL),
	(373,'Kabupaten Bone',25,'2016-07-12 11:13:23','0000-00-00 00:00:00',NULL),
	(374,'Kabupaten Bulukumba',25,'2016-07-12 11:13:23','0000-00-00 00:00:00',NULL),
	(375,'Kabupaten Enrekang',25,'2016-07-12 11:13:23','0000-00-00 00:00:00',NULL),
	(376,'Kabupaten Gowa',25,'2016-07-12 11:13:23','0000-00-00 00:00:00',NULL),
	(377,'Kabupaten Jeneponto',25,'2016-07-12 11:13:23','0000-00-00 00:00:00',NULL),
	(378,'Kabupaten Luwu',25,'2016-07-12 11:13:23','0000-00-00 00:00:00',NULL),
	(379,'Kabupaten Luwu Timur',25,'2016-07-12 11:13:23','0000-00-00 00:00:00',NULL),
	(380,'Kabupaten Luwu Utara',25,'2016-07-12 11:13:23','0000-00-00 00:00:00',NULL),
	(381,'Kabupaten Maros',25,'2016-07-12 11:13:23','0000-00-00 00:00:00',NULL),
	(382,'Kabupaten Pangkajene Kepulauan',25,'2016-07-12 11:13:23','0000-00-00 00:00:00',NULL),
	(383,'Kabupaten Pinrang',25,'2016-07-12 11:13:23','0000-00-00 00:00:00',NULL),
	(384,'Kabupaten Selayar',25,'2016-07-12 11:13:23','0000-00-00 00:00:00',NULL),
	(385,'Kabupaten Sidenreng Rappang',25,'2016-07-12 11:13:23','0000-00-00 00:00:00',NULL),
	(386,'Kabupaten Sinjai',25,'2016-07-12 11:13:23','0000-00-00 00:00:00',NULL),
	(387,'Kabupaten Soppeng',25,'2016-07-12 11:13:23','0000-00-00 00:00:00',NULL),
	(388,'Kabupaten Takalar',25,'2016-07-12 11:13:23','0000-00-00 00:00:00',NULL),
	(389,'Kabupaten Tana Toraja',25,'2016-07-12 11:13:23','0000-00-00 00:00:00',NULL),
	(390,'Kabupaten Toraja Utara',25,'2016-07-12 11:13:23','0000-00-00 00:00:00',NULL),
	(391,'Kabupaten Wajo',25,'2016-07-12 11:13:23','0000-00-00 00:00:00',NULL),
	(392,'Kota Makassar',25,'2016-07-12 11:13:23','0000-00-00 00:00:00',NULL),
	(393,'Kota Palopo',25,'2016-07-12 11:13:23','0000-00-00 00:00:00',NULL),
	(394,'Kota Pare-pare',25,'2016-07-12 11:13:23','0000-00-00 00:00:00',NULL),
	(395,'Kabupaten Bombana',26,'2016-07-12 11:13:23','0000-00-00 00:00:00',NULL),
	(396,'Kabupaten Buton',26,'2016-07-12 11:13:23','0000-00-00 00:00:00',NULL),
	(397,'Kabupaten Buton Utara',26,'2016-07-12 11:13:23','0000-00-00 00:00:00',NULL),
	(398,'Kabupaten Kolaka',26,'2016-07-12 11:13:23','0000-00-00 00:00:00',NULL),
	(399,'Kabupaten Kolaka Utara',26,'2016-07-12 11:13:23','0000-00-00 00:00:00',NULL),
	(400,'Kabupaten Konawe',26,'2016-07-12 11:13:23','0000-00-00 00:00:00',NULL),
	(401,'Kabupaten Konawe Selatan',26,'2016-07-12 11:13:23','0000-00-00 00:00:00',NULL),
	(402,'Kabupaten Konawe Utara',26,'2016-07-12 11:13:23','0000-00-00 00:00:00',NULL),
	(403,'Kabupaten Muna',26,'2016-07-12 11:13:23','0000-00-00 00:00:00',NULL),
	(404,'Kabupaten Wakatobi',26,'2016-07-12 11:13:23','0000-00-00 00:00:00',NULL),
	(405,'Kota Bau-bau',26,'2016-07-12 11:13:23','0000-00-00 00:00:00',NULL),
	(406,'Kota Kendari',26,'2016-07-12 11:13:23','0000-00-00 00:00:00',NULL),
	(407,'Kabupaten Banggai',27,'2016-07-12 11:13:23','0000-00-00 00:00:00',NULL),
	(408,'Kabupaten Banggai Kepulauan',27,'2016-07-12 11:13:23','0000-00-00 00:00:00',NULL),
	(409,'Kabupaten Buol',27,'2016-07-12 11:13:23','0000-00-00 00:00:00',NULL),
	(410,'Kabupaten Donggala',27,'2016-07-12 11:13:23','0000-00-00 00:00:00',NULL),
	(411,'Kabupaten Morowali',27,'2016-07-12 11:13:23','0000-00-00 00:00:00',NULL),
	(412,'Kabupaten Parigi Moutong',27,'2016-07-12 11:13:23','0000-00-00 00:00:00',NULL),
	(413,'Kabupaten Poso',27,'2016-07-12 11:13:23','0000-00-00 00:00:00',NULL),
	(414,'Kabupaten Sigi',27,'2016-07-12 11:13:23','0000-00-00 00:00:00',NULL),
	(415,'Kabupaten Tojo Una-Una',27,'2016-07-12 11:13:23','0000-00-00 00:00:00',NULL),
	(416,'Kabupaten Toli Toli',27,'2016-07-12 11:13:23','0000-00-00 00:00:00',NULL),
	(417,'Kota Palu',27,'2016-07-12 11:13:23','0000-00-00 00:00:00',NULL),
	(418,'Kabupaten Bolaang Mangondow',28,'2016-07-12 11:13:23','0000-00-00 00:00:00',NULL),
	(419,'Kabupaten Bolaang Mangondow Se',28,'2016-07-12 11:13:23','0000-00-00 00:00:00',NULL),
	(420,'Kabupaten Bolaang Mangondow Ti',28,'2016-07-12 11:13:23','0000-00-00 00:00:00',NULL),
	(421,'Kabupaten Bolaang Mangondow Ut',28,'2016-07-12 11:13:23','0000-00-00 00:00:00',NULL),
	(422,'Kabupaten Kepulauan Sangihe',28,'2016-07-12 11:13:23','0000-00-00 00:00:00',NULL),
	(423,'Kabupaten Kepulauan Siau Tagul',28,'2016-07-12 11:13:23','0000-00-00 00:00:00',NULL),
	(424,'Kabupaten Kepulauan Talaud',28,'2016-07-12 11:13:23','0000-00-00 00:00:00',NULL),
	(425,'Kabupaten Minahasa',28,'2016-07-12 11:13:23','0000-00-00 00:00:00',NULL),
	(426,'Kabupaten Minahasa Selatan',28,'2016-07-12 11:13:23','0000-00-00 00:00:00',NULL),
	(427,'Kabupaten Minahasa Tenggara',28,'2016-07-12 11:13:23','0000-00-00 00:00:00',NULL),
	(428,'Kabupaten Minahasa Utara',28,'2016-07-12 11:13:23','0000-00-00 00:00:00',NULL),
	(429,'Kota Bitung',28,'2016-07-12 11:13:23','0000-00-00 00:00:00',NULL),
	(430,'Kota Kotamobagu',28,'2016-07-12 11:13:23','0000-00-00 00:00:00',NULL),
	(431,'Kota Manado',28,'2016-07-12 11:13:23','0000-00-00 00:00:00',NULL),
	(432,'Kota Tomohon',28,'2016-07-12 11:13:23','0000-00-00 00:00:00',NULL),
	(433,'Kabupaten Majene',29,'2016-07-12 11:13:23','0000-00-00 00:00:00',NULL),
	(434,'Kabupaten Mamasa',29,'2016-07-12 11:13:23','0000-00-00 00:00:00',NULL),
	(435,'Kabupaten Mamuju',29,'2016-07-12 11:13:23','0000-00-00 00:00:00',NULL),
	(436,'Kabupaten Mamuju Utara',29,'2016-07-12 11:13:23','0000-00-00 00:00:00',NULL),
	(437,'Kabupaten Polewali Mandar',29,'2016-07-12 11:13:23','0000-00-00 00:00:00',NULL),
	(438,'Kabupaten Buru',30,'2016-07-12 11:13:23','0000-00-00 00:00:00',NULL),
	(439,'Kabupaten Buru Selatan',30,'2016-07-12 11:13:23','0000-00-00 00:00:00',NULL),
	(440,'Kabupaten Kepulauan Aru',30,'2016-07-12 11:13:23','0000-00-00 00:00:00',NULL),
	(441,'Kabupaten Maluku Barat Daya',30,'2016-07-12 11:13:23','0000-00-00 00:00:00',NULL),
	(442,'Kabupaten Maluku Tengah',30,'2016-07-12 11:13:23','0000-00-00 00:00:00',NULL),
	(443,'Kabupaten Maluku Tenggara',30,'2016-07-12 11:13:23','0000-00-00 00:00:00',NULL),
	(444,'Kabupaten Maluku Tenggara Bara',30,'2016-07-12 11:13:23','0000-00-00 00:00:00',NULL),
	(445,'Kabupaten Seram Bagian Barat',30,'2016-07-12 11:13:23','0000-00-00 00:00:00',NULL),
	(446,'Kabupaten Seram Bagian Timur',30,'2016-07-12 11:13:23','0000-00-00 00:00:00',NULL),
	(447,'Kota Ambon',30,'2016-07-12 11:13:23','0000-00-00 00:00:00',NULL),
	(448,'Kota Tual',30,'2016-07-12 11:13:23','0000-00-00 00:00:00',NULL),
	(449,'Kabupaten Halmahera Barat',31,'2016-07-12 11:13:23','0000-00-00 00:00:00',NULL),
	(450,'Kabupaten Halmahera Selatan',31,'2016-07-12 11:13:23','0000-00-00 00:00:00',NULL),
	(451,'Kabupaten Halmahera Tengah',31,'2016-07-12 11:13:23','0000-00-00 00:00:00',NULL),
	(452,'Kabupaten Halmahera Timur',31,'2016-07-12 11:13:23','0000-00-00 00:00:00',NULL),
	(453,'Kabupaten Halmahera Utara',31,'2016-07-12 11:13:23','0000-00-00 00:00:00',NULL),
	(454,'Kabupaten Kepulauan Sula',31,'2016-07-12 11:13:23','0000-00-00 00:00:00',NULL),
	(455,'Kabupaten Pulau Morotai',31,'2016-07-12 11:13:23','0000-00-00 00:00:00',NULL),
	(456,'Kota Ternate',31,'2016-07-12 11:13:23','0000-00-00 00:00:00',NULL),
	(457,'Kota Tidore Kepulauan',31,'2016-07-12 11:13:23','0000-00-00 00:00:00',NULL),
	(458,'Kabupaten Fakfak',32,'2016-07-12 11:13:23','0000-00-00 00:00:00',NULL),
	(459,'Kabupaten Kaimana',32,'2016-07-12 11:13:23','0000-00-00 00:00:00',NULL),
	(460,'Kabupaten Manokwari',32,'2016-07-12 11:13:23','0000-00-00 00:00:00',NULL),
	(461,'Kabupaten Maybrat',32,'2016-07-12 11:13:23','0000-00-00 00:00:00',NULL),
	(462,'Kabupaten Raja Ampat',32,'2016-07-12 11:13:23','0000-00-00 00:00:00',NULL),
	(463,'Kabupaten Sorong',32,'2016-07-12 11:13:23','0000-00-00 00:00:00',NULL),
	(464,'Kabupaten Sorong Selatan',32,'2016-07-12 11:13:23','0000-00-00 00:00:00',NULL),
	(465,'Kabupaten Tambrauw',32,'2016-07-12 11:13:23','0000-00-00 00:00:00',NULL),
	(466,'Kabupaten Teluk Bintuni',32,'2016-07-12 11:13:23','0000-00-00 00:00:00',NULL),
	(467,'Kabupaten Teluk Wondama',32,'2016-07-12 11:13:23','0000-00-00 00:00:00',NULL),
	(468,'Kota Sorong',32,'2016-07-12 11:13:23','0000-00-00 00:00:00',NULL),
	(469,'Kabupaten Merauke',33,'2016-07-12 11:13:23','0000-00-00 00:00:00',NULL),
	(470,'Kabupaten Jayawijaya',33,'2016-07-12 11:13:23','0000-00-00 00:00:00',NULL),
	(471,'Kabupaten Nabire',33,'2016-07-12 11:13:23','0000-00-00 00:00:00',NULL),
	(472,'Kabupaten Kepulauan Yapen',33,'2016-07-12 11:13:23','0000-00-00 00:00:00',NULL),
	(473,'Kabupaten Biak Numfor',33,'2016-07-12 11:13:23','0000-00-00 00:00:00',NULL),
	(474,'Kabupaten Paniai',33,'2016-07-12 11:13:23','0000-00-00 00:00:00',NULL),
	(475,'Kabupaten Puncak Jaya',33,'2016-07-12 11:13:23','0000-00-00 00:00:00',NULL),
	(476,'Kabupaten Mimika',33,'2016-07-12 11:13:23','0000-00-00 00:00:00',NULL),
	(477,'Kabupaten Boven Digoel',33,'2016-07-12 11:13:23','0000-00-00 00:00:00',NULL),
	(478,'Kabupaten Mappi',33,'2016-07-12 11:13:23','0000-00-00 00:00:00',NULL),
	(479,'Kabupaten Asmat',33,'2016-07-12 11:13:23','0000-00-00 00:00:00',NULL),
	(480,'Kabupaten Yahukimo',33,'2016-07-12 11:13:23','0000-00-00 00:00:00',NULL),
	(481,'Kabupaten Pegunungan Bintang',33,'2016-07-12 11:13:23','0000-00-00 00:00:00',NULL),
	(482,'Kabupaten Tolikara',33,'2016-07-12 11:13:23','0000-00-00 00:00:00',NULL),
	(483,'Kabupaten Sarmi',33,'2016-07-12 11:13:23','0000-00-00 00:00:00',NULL),
	(484,'Kabupaten Keerom',33,'2016-07-12 11:13:23','0000-00-00 00:00:00',NULL),
	(485,'Kabupaten Waropen',33,'2016-07-12 11:13:23','0000-00-00 00:00:00',NULL),
	(486,'Kabupaten Jayapura',33,'2016-07-12 11:13:23','0000-00-00 00:00:00',NULL),
	(487,'Kabupaten Deiyai',33,'2016-07-12 11:13:23','0000-00-00 00:00:00',NULL),
	(488,'Kabupaten Dogiyai',33,'2016-07-12 11:13:23','0000-00-00 00:00:00',NULL),
	(489,'Kabupaten Intan Jaya',33,'2016-07-12 11:13:23','0000-00-00 00:00:00',NULL),
	(490,'Kabupaten Lanny Jaya',33,'2016-07-12 11:13:23','0000-00-00 00:00:00',NULL),
	(491,'Kabupaten Mamberamo Raya',33,'2016-07-12 11:13:23','0000-00-00 00:00:00',NULL),
	(492,'Kabupaten Mamberamo Tengah',33,'2016-07-12 11:13:23','0000-00-00 00:00:00',NULL),
	(493,'Kabupaten Nduga',33,'2016-07-12 11:13:23','0000-00-00 00:00:00',NULL),
	(494,'Kabupaten Puncak',33,'2016-07-12 11:13:23','0000-00-00 00:00:00',NULL),
	(495,'Kabupaten Supiori',33,'2016-07-12 11:13:23','0000-00-00 00:00:00',NULL),
	(496,'Kabupaten Yalimo',33,'2016-07-12 11:13:23','0000-00-00 00:00:00',NULL),
	(497,'Kota Jayapura',33,'2016-07-12 11:13:23','0000-00-00 00:00:00',NULL),
	(498,'Kabupaten Bulungan',34,'2016-07-12 11:13:23','0000-00-00 00:00:00',NULL),
	(499,'Kabupaten Malinau',34,'2016-07-12 11:13:23','0000-00-00 00:00:00',NULL),
	(500,'Kabupaten Nunukan',34,'2016-07-12 11:13:23','0000-00-00 00:00:00',NULL),
	(501,'Kabupaten Tana Tidung',34,'2016-07-12 11:13:23','0000-00-00 00:00:00',NULL),
	(502,'Kota Tarakan',34,'2016-07-12 11:13:23','0000-00-00 00:00:00',NULL);

/*!40000 ALTER TABLE `master_city` ENABLE KEYS */;
UNLOCK TABLES;


# Dump of table master_province
# ------------------------------------------------------------

DROP TABLE IF EXISTS `master_province`;

CREATE TABLE `master_province` (
  `id` int(10) NOT NULL AUTO_INCREMENT,
  `name` varchar(30) DEFAULT NULL,
  `created_at` timestamp NOT NULL DEFAULT CURRENT_TIMESTAMP ON UPDATE CURRENT_TIMESTAMP,
  `updated_at` timestamp NOT NULL DEFAULT '0000-00-00 00:00:00',
  `deleted_at` timestamp NULL DEFAULT NULL,
  PRIMARY KEY (`id`)
) ENGINE=InnoDB DEFAULT CHARSET=latin1;

LOCK TABLES `master_province` WRITE;
/*!40000 ALTER TABLE `master_province` DISABLE KEYS */;

INSERT INTO `master_province` (`id`, `name`, `created_at`, `updated_at`, `deleted_at`)
VALUES
	(1,'Nanggroe Aceh Darussalam','2016-07-12 10:10:07','0000-00-00 00:00:00',NULL),
	(2,'Sumatera Utara','2016-07-12 10:10:07','0000-00-00 00:00:00',NULL),
	(3,'Sumatera Barat','2016-07-12 10:10:07','0000-00-00 00:00:00',NULL),
	(4,'Riau','2016-07-12 10:10:07','0000-00-00 00:00:00',NULL),
	(5,'Kepulauan Riau','2016-07-12 10:10:07','0000-00-00 00:00:00',NULL),
	(6,'Kepulauan Bangka-Belitung','2016-07-12 10:10:07','0000-00-00 00:00:00',NULL),
	(7,'Jambi','2016-07-12 10:10:07','0000-00-00 00:00:00',NULL),
	(8,'Bengkulu','2016-07-12 10:10:07','0000-00-00 00:00:00',NULL),
	(9,'Sumatera Selatan','2016-07-12 10:10:07','0000-00-00 00:00:00',NULL),
	(10,'Lampung','2016-07-12 10:10:07','0000-00-00 00:00:00',NULL),
	(11,'Banten','2016-07-12 10:10:07','0000-00-00 00:00:00',NULL),
	(12,'DKI Jakarta','2016-07-12 10:10:07','0000-00-00 00:00:00',NULL),
	(13,'Jawa Barat','2016-07-12 10:10:07','0000-00-00 00:00:00',NULL),
	(14,'Jawa Tengah','2016-07-12 10:10:07','0000-00-00 00:00:00',NULL),
	(15,'Daerah Istimewa Yogyakarta  ','2016-07-12 10:10:07','0000-00-00 00:00:00',NULL),
	(16,'Jawa Timur','2016-07-12 10:10:07','0000-00-00 00:00:00',NULL),
	(17,'Bali','2016-07-12 10:10:07','0000-00-00 00:00:00',NULL),
	(18,'Nusa Tenggara Barat','2016-07-12 10:10:07','0000-00-00 00:00:00',NULL),
	(19,'Nusa Tenggara Timur','2016-07-12 10:10:07','0000-00-00 00:00:00',NULL),
	(20,'Kalimantan Barat','2016-07-12 10:10:07','0000-00-00 00:00:00',NULL),
	(21,'Kalimantan Tengah','2016-07-12 10:10:07','0000-00-00 00:00:00',NULL),
	(22,'Kalimantan Selatan','2016-07-12 10:10:07','0000-00-00 00:00:00',NULL),
	(23,'Kalimantan Timur','2016-07-12 10:10:07','0000-00-00 00:00:00',NULL),
	(24,'Gorontalo','2016-07-12 10:10:07','0000-00-00 00:00:00',NULL),
	(25,'Sulawesi Selatan','2016-07-12 10:10:07','0000-00-00 00:00:00',NULL),
	(26,'Sulawesi Tenggara','2016-07-12 10:10:07','0000-00-00 00:00:00',NULL),
	(27,'Sulawesi Tengah','2016-07-12 10:10:07','0000-00-00 00:00:00',NULL),
	(28,'Sulawesi Utara','2016-07-12 10:10:07','0000-00-00 00:00:00',NULL),
	(29,'Sulawesi Barat','2016-07-12 10:10:07','0000-00-00 00:00:00',NULL),
	(30,'Maluku','2016-07-12 10:10:07','0000-00-00 00:00:00',NULL),
	(31,'Maluku Utara','2016-07-12 10:10:07','0000-00-00 00:00:00',NULL),
	(32,'Papua Barat','2016-07-12 10:10:07','0000-00-00 00:00:00',NULL),
	(33,'Papua','2016-07-12 10:10:07','0000-00-00 00:00:00',NULL),
	(34,'Kalimantan Utara','2016-07-12 10:10:07','0000-00-00 00:00:00',NULL);

/*!40000 ALTER TABLE `master_province` ENABLE KEYS */;
UNLOCK TABLES;


# Dump of table sys_category_recipe
# ------------------------------------------------------------

DROP TABLE IF EXISTS `sys_category_recipe`;

CREATE TABLE `sys_category_recipe` (
  `id` int(11) unsigned NOT NULL AUTO_INCREMENT,
  `category` varchar(150) DEFAULT NULL,
  `image` text,
  `description` text,
  `status` int(11) DEFAULT NULL,
  `created_at` timestamp NOT NULL DEFAULT CURRENT_TIMESTAMP ON UPDATE CURRENT_TIMESTAMP,
  `updated_at` timestamp NOT NULL DEFAULT '0000-00-00 00:00:00',
  `deleted_at` datetime DEFAULT NULL,
  PRIMARY KEY (`id`)
) ENGINE=InnoDB DEFAULT CHARSET=utf8;



# Dump of table sys_country
# ------------------------------------------------------------

DROP TABLE IF EXISTS `sys_country`;

CREATE TABLE `sys_country` (
  `id` int(10) unsigned NOT NULL AUTO_INCREMENT,
  `country_code` char(2) CHARACTER SET utf8 DEFAULT NULL,
  `country_name` text CHARACTER SET utf8,
  PRIMARY KEY (`id`),
  KEY `idx_country_code` (`country_code`)
) ENGINE=MyISAM DEFAULT CHARSET=utf8 COLLATE=utf8_bin;

LOCK TABLES `sys_country` WRITE;
/*!40000 ALTER TABLE `sys_country` DISABLE KEYS */;

INSERT INTO `sys_country` (`id`, `country_code`, `country_name`)
VALUES
	(1,'AD','Andorra'),
	(2,'AE','United Arab Emirates'),
	(3,'AF','Afghanistan'),
	(4,'AG','Antigua and Barbuda'),
	(5,'AI','Anguilla'),
	(6,'AL','Albania'),
	(7,'AM','Armenia'),
	(8,'AN','Netherlands Antilles'),
	(9,'AO','Angola'),
	(10,'AQ','Antarctica'),
	(11,'AR','Argentina'),
	(12,'AS','American Samoa'),
	(13,'AT','Austria'),
	(14,'AU','Australia'),
	(15,'AW','Aruba'),
	(16,'AX','Aland Islands'),
	(17,'AZ','Azerbaijan'),
	(18,'BA','Bosnia and Herzegovina'),
	(19,'BB','Barbados'),
	(20,'BD','Bangladesh'),
	(21,'BE','Belgium'),
	(22,'BF','Burkina Faso'),
	(23,'BG','Bulgaria'),
	(24,'BH','Bahrain'),
	(25,'BI','Burundi'),
	(26,'BJ','Benin'),
	(27,'BL','Saint Barthélemy'),
	(28,'BM','Bermuda'),
	(29,'BN','Brunei'),
	(30,'BO','Bolivia'),
	(31,'BQ','Bonaire, Saint Eustatius and Saba '),
	(32,'BR','Brazil'),
	(33,'BS','Bahamas'),
	(34,'BT','Bhutan'),
	(35,'BV','Bouvet Island'),
	(36,'BW','Botswana'),
	(37,'BY','Belarus'),
	(38,'BZ','Belize'),
	(39,'CA','Canada'),
	(40,'CC','Cocos Islands'),
	(41,'CD','Democratic Republic of the Congo'),
	(42,'CF','Central African Republic'),
	(43,'CG','Republic of the Congo'),
	(44,'CH','Switzerland'),
	(45,'CI','Ivory Coast'),
	(46,'CK','Cook Islands'),
	(47,'CL','Chile'),
	(48,'CM','Cameroon'),
	(49,'CN','China'),
	(50,'CO','Colombia'),
	(51,'CR','Costa Rica'),
	(52,'CS','Serbia and Montenegro'),
	(53,'CU','Cuba'),
	(54,'CV','Cape Verde'),
	(55,'CW','Curaçao'),
	(56,'CX','Christmas Island'),
	(57,'CY','Cyprus'),
	(58,'CZ','Czech Republic'),
	(59,'DE','Germany'),
	(60,'DJ','Djibouti'),
	(61,'DK','Denmark'),
	(62,'DM','Dominica'),
	(63,'DO','Dominican Republic'),
	(64,'DZ','Algeria'),
	(65,'EC','Ecuador'),
	(66,'EE','Estonia'),
	(67,'EG','Egypt'),
	(68,'EH','Western Sahara'),
	(69,'ER','Eritrea'),
	(70,'ES','Spain'),
	(71,'ET','Ethiopia'),
	(72,'FI','Finland'),
	(73,'FJ','Fiji'),
	(74,'FK','Falkland Islands'),
	(75,'FM','Micronesia'),
	(76,'FO','Faroe Islands'),
	(77,'FR','France'),
	(78,'GA','Gabon'),
	(79,'GB','United Kingdom'),
	(80,'GD','Grenada'),
	(81,'GE','Georgia'),
	(82,'GF','French Guiana'),
	(83,'GG','Guernsey'),
	(84,'GH','Ghana'),
	(85,'GI','Gibraltar'),
	(86,'GL','Greenland'),
	(87,'GM','Gambia'),
	(88,'GN','Guinea'),
	(89,'GP','Guadeloupe'),
	(90,'GQ','Equatorial Guinea'),
	(91,'GR','Greece'),
	(92,'GS','South Georgia and the South Sandwich Islands'),
	(93,'GT','Guatemala'),
	(94,'GU','Guam'),
	(95,'GW','Guinea-Bissau'),
	(96,'GY','Guyana'),
	(97,'HK','Hong Kong'),
	(98,'HM','Heard Island and McDonald Islands'),
	(99,'HN','Honduras'),
	(100,'HR','Croatia'),
	(101,'HT','Haiti'),
	(102,'HU','Hungary'),
	(103,'ID','Indonesia'),
	(104,'IE','Ireland'),
	(105,'IL','Israel'),
	(106,'IM','Isle of Man'),
	(107,'IN','India'),
	(108,'IO','British Indian Ocean Territory'),
	(109,'IQ','Iraq'),
	(110,'IR','Iran'),
	(111,'IS','Iceland'),
	(112,'IT','Italy'),
	(113,'JE','Jersey'),
	(114,'JM','Jamaica'),
	(115,'JO','Jordan'),
	(116,'JP','Japan'),
	(117,'KE','Kenya'),
	(118,'KG','Kyrgyzstan'),
	(119,'KH','Cambodia'),
	(120,'KI','Kiribati'),
	(121,'KM','Comoros'),
	(122,'KN','Saint Kitts and Nevis'),
	(123,'KP','North Korea'),
	(124,'KR','South Korea'),
	(125,'KW','Kuwait'),
	(126,'KY','Cayman Islands'),
	(127,'KZ','Kazakhstan'),
	(128,'LA','Laos'),
	(129,'LB','Lebanon'),
	(130,'LC','Saint Lucia'),
	(131,'LI','Liechtenstein'),
	(132,'LK','Sri Lanka'),
	(133,'LR','Liberia'),
	(134,'LS','Lesotho'),
	(135,'LT','Lithuania'),
	(136,'LU','Luxembourg'),
	(137,'LV','Latvia'),
	(138,'LY','Libya'),
	(139,'MA','Morocco'),
	(140,'MC','Monaco'),
	(141,'MD','Moldova'),
	(142,'ME','Montenegro'),
	(143,'MF','Saint Martin'),
	(144,'MG','Madagascar'),
	(145,'MH','Marshall Islands'),
	(146,'MK','Macedonia'),
	(147,'ML','Mali'),
	(148,'MM','Myanmar'),
	(149,'MN','Mongolia'),
	(150,'MO','Macao'),
	(151,'MP','Northern Mariana Islands'),
	(152,'MQ','Martinique'),
	(153,'MR','Mauritania'),
	(154,'MS','Montserrat'),
	(155,'MT','Malta'),
	(156,'MU','Mauritius'),
	(157,'MV','Maldives'),
	(158,'MW','Malawi'),
	(159,'MX','Mexico'),
	(160,'MY','Malaysia'),
	(161,'MZ','Mozambique'),
	(162,'NA','Namibia'),
	(163,'NC','New Caledonia'),
	(164,'NE','Niger'),
	(165,'NF','Norfolk Island'),
	(166,'NG','Nigeria'),
	(167,'NI','Nicaragua'),
	(168,'NL','Netherlands'),
	(169,'NO','Norway'),
	(170,'NP','Nepal'),
	(171,'NR','Nauru'),
	(172,'NU','Niue'),
	(173,'NZ','New Zealand'),
	(174,'OM','Oman'),
	(175,'PA','Panama'),
	(176,'PE','Peru'),
	(177,'PF','French Polynesia'),
	(178,'PG','Papua New Guinea'),
	(179,'PH','Philippines'),
	(180,'PK','Pakistan'),
	(181,'PL','Poland'),
	(182,'PM','Saint Pierre and Miquelon'),
	(183,'PN','Pitcairn'),
	(184,'PR','Puerto Rico'),
	(185,'PS','Palestinian Territory'),
	(186,'PT','Portugal'),
	(187,'PW','Palau'),
	(188,'PY','Paraguay'),
	(189,'QA','Qatar'),
	(190,'RE','Reunion'),
	(191,'RO','Romania'),
	(192,'RS','Serbia'),
	(193,'RU','Russia'),
	(194,'RW','Rwanda'),
	(195,'SA','Saudi Arabia'),
	(196,'SB','Solomon Islands'),
	(197,'SC','Seychelles'),
	(198,'SD','Sudan'),
	(199,'SE','Sweden'),
	(200,'SG','Singapore'),
	(201,'SH','Saint Helena'),
	(202,'SI','Slovenia'),
	(203,'SJ','Svalbard and Jan Mayen'),
	(204,'SK','Slovakia'),
	(205,'SL','Sierra Leone'),
	(206,'SM','San Marino'),
	(207,'SN','Senegal'),
	(208,'SO','Somalia'),
	(209,'SR','Suriname'),
	(210,'SS','South Sudan'),
	(211,'ST','Sao Tome and Principe'),
	(212,'SV','El Salvador'),
	(213,'SX','Sint Maarten'),
	(214,'SY','Syria'),
	(215,'SZ','Swaziland'),
	(216,'TC','Turks and Caicos Islands'),
	(217,'TD','Chad'),
	(218,'TF','French Southern Territories'),
	(219,'TG','Togo'),
	(220,'TH','Thailand'),
	(221,'TJ','Tajikistan'),
	(222,'TK','Tokelau'),
	(223,'TL','East Timor'),
	(224,'TM','Turkmenistan'),
	(225,'TN','Tunisia'),
	(226,'TO','Tonga'),
	(227,'TR','Turkey'),
	(228,'TT','Trinidad and Tobago'),
	(229,'TV','Tuvalu'),
	(230,'TW','Taiwan'),
	(231,'TZ','Tanzania'),
	(232,'UA','Ukraine'),
	(233,'UG','Uganda'),
	(234,'UM','United States Minor Outlying Islands'),
	(235,'US','United States'),
	(236,'UY','Uruguay'),
	(237,'UZ','Uzbekistan'),
	(238,'VA','Vatican'),
	(239,'VC','Saint Vincent and the Grenadines'),
	(240,'VE','Venezuela'),
	(241,'VG','British Virgin Islands'),
	(242,'VI','U.S. Virgin Islands'),
	(243,'VN','Vietnam'),
	(244,'VU','Vanuatu'),
	(245,'WF','Wallis and Futuna'),
	(246,'WS','Samoa'),
	(247,'XK','Kosovo'),
	(248,'YE','Yemen'),
	(249,'YT','Mayotte'),
	(250,'ZA','South Africa'),
	(251,'ZM','Zambia'),
	(252,'ZW','Zimbabwe');

/*!40000 ALTER TABLE `sys_country` ENABLE KEYS */;
UNLOCK TABLES;


# Dump of table sys_log
# ------------------------------------------------------------

DROP TABLE IF EXISTS `sys_log`;

CREATE TABLE `sys_log` (
  `id` int(11) unsigned NOT NULL AUTO_INCREMENT,
  `user_id` int(11) DEFAULT NULL,
  `fullname` varchar(200) DEFAULT NULL,
  `role` varchar(100) DEFAULT NULL,
  `status` int(11) DEFAULT NULL,
  `module` varchar(50) DEFAULT NULL,
  `module_type` varchar(50) DEFAULT NULL,
  `notes` text,
  `created_at` timestamp NOT NULL DEFAULT CURRENT_TIMESTAMP ON UPDATE CURRENT_TIMESTAMP,
  `updated_at` timestamp NOT NULL DEFAULT '0000-00-00 00:00:00',
  `deleted_at` datetime DEFAULT NULL,
  PRIMARY KEY (`id`)
) ENGINE=InnoDB DEFAULT CHARSET=utf8;



# Dump of table sys_members
# ------------------------------------------------------------

DROP TABLE IF EXISTS `sys_members`;

CREATE TABLE `sys_members` (
  `id` int(11) unsigned NOT NULL AUTO_INCREMENT,
  `role_id` int(11) DEFAULT NULL,
  `fullname` varchar(200) DEFAULT NULL,
  `email` varchar(200) DEFAULT NULL,
  `phone` varchar(13) DEFAULT NULL,
  `address` text,
  `password` text,
  `remember_token` text,
  `avatar` text,
  `status` int(11) DEFAULT NULL,
  `created_at` timestamp NOT NULL DEFAULT CURRENT_TIMESTAMP ON UPDATE CURRENT_TIMESTAMP,
  `updated_at` timestamp NOT NULL DEFAULT '0000-00-00 00:00:00',
  `deleted_at` datetime DEFAULT NULL,
  PRIMARY KEY (`id`)
) ENGINE=InnoDB DEFAULT CHARSET=utf8;



# Dump of table sys_recipe
# ------------------------------------------------------------

DROP TABLE IF EXISTS `sys_recipe`;

CREATE TABLE `sys_recipe` (
  `id` int(11) unsigned NOT NULL AUTO_INCREMENT,
  `user_id` int(11) DEFAULT NULL,
  `recipe_name` varchar(200) DEFAULT NULL,
  `recipe_category` int(11) DEFAULT NULL,
  `description` longtext,
  `image` text,
  `gallery` text,
  `inggridients` longtext,
  `cookmethd` longtext,
  `notes` longtext,
  `province` int(11) DEFAULT NULL,
  `city` int(11) DEFAULT NULL,
  `status` int(11) DEFAULT NULL,
  `views` int(11) DEFAULT NULL,
  `whislist` int(11) DEFAULT NULL,
  `share` int(11) DEFAULT NULL,
  `created_at` timestamp NOT NULL DEFAULT CURRENT_TIMESTAMP ON UPDATE CURRENT_TIMESTAMP,
  `updated_at` timestamp NOT NULL DEFAULT '0000-00-00 00:00:00',
  `deleted_at` datetime DEFAULT NULL,
  PRIMARY KEY (`id`)
) ENGINE=InnoDB DEFAULT CHARSET=utf8;



# Dump of table sys_reviews
# ------------------------------------------------------------

DROP TABLE IF EXISTS `sys_reviews`;

CREATE TABLE `sys_reviews` (
  `id` int(11) unsigned NOT NULL AUTO_INCREMENT,
  `user_id` int(11) DEFAULT NULL,
  `recipe_id` int(11) DEFAULT NULL,
  `fullname` varchar(200) DEFAULT NULL,
  `email` varchar(200) DEFAULT NULL,
  `rating` int(11) DEFAULT NULL,
  `comment` longtext,
  `status` int(11) DEFAULT NULL,
  `created_at` timestamp NOT NULL DEFAULT CURRENT_TIMESTAMP ON UPDATE CURRENT_TIMESTAMP,
  `updated_at` timestamp NOT NULL DEFAULT '0000-00-00 00:00:00',
  `deleted_at` datetime DEFAULT NULL,
  PRIMARY KEY (`id`)
) ENGINE=InnoDB DEFAULT CHARSET=utf8;



# Dump of table sys_role
# ------------------------------------------------------------

DROP TABLE IF EXISTS `sys_role`;

CREATE TABLE `sys_role` (
  `id` int(11) unsigned NOT NULL AUTO_INCREMENT,
  `role` varchar(50) DEFAULT NULL,
  `created_at` timestamp NOT NULL DEFAULT CURRENT_TIMESTAMP ON UPDATE CURRENT_TIMESTAMP,
  `updated_at` timestamp NOT NULL DEFAULT '0000-00-00 00:00:00',
  `deleted_at` datetime DEFAULT NULL,
  PRIMARY KEY (`id`)
) ENGINE=InnoDB DEFAULT CHARSET=utf8;



# Dump of table sys_setting
# ------------------------------------------------------------

DROP TABLE IF EXISTS `sys_setting`;

CREATE TABLE `sys_setting` (
  `id` int(11) unsigned NOT NULL AUTO_INCREMENT,
  `language` varchar(10) DEFAULT NULL,
  `country` varchar(10) DEFAULT NULL,
  `contact` text,
  `about` text,
  `logo` text,
  `created_at` timestamp NOT NULL DEFAULT CURRENT_TIMESTAMP ON UPDATE CURRENT_TIMESTAMP,
  `updated_at` timestamp NOT NULL DEFAULT '0000-00-00 00:00:00',
  PRIMARY KEY (`id`)
) ENGINE=InnoDB DEFAULT CHARSET=utf8;



# Dump of table sys_slider
# ------------------------------------------------------------

DROP TABLE IF EXISTS `sys_slider`;

CREATE TABLE `sys_slider` (
  `id` int(11) unsigned NOT NULL AUTO_INCREMENT,
  `title` varchar(200) DEFAULT NULL,
  `subtitle` varchar(200) DEFAULT NULL,
  `image` text,
  `link` text,
  `url` text,
  `status` int(11) DEFAULT NULL,
  `created_at` timestamp NOT NULL DEFAULT CURRENT_TIMESTAMP ON UPDATE CURRENT_TIMESTAMP,
  `updated_at` timestamp NOT NULL DEFAULT '0000-00-00 00:00:00',
  `deleted_at` datetime DEFAULT NULL,
  PRIMARY KEY (`id`)
) ENGINE=InnoDB DEFAULT CHARSET=utf8;



# Dump of table sys_users
# ------------------------------------------------------------

DROP TABLE IF EXISTS `sys_users`;

CREATE TABLE `sys_users` (
  `id` int(11) unsigned NOT NULL AUTO_INCREMENT,
  `role_id` int(11) DEFAULT NULL,
  `fullname` varchar(200) DEFAULT NULL,
  `email` varchar(200) DEFAULT NULL,
  `phone` varchar(13) DEFAULT NULL,
  `password` text,
  `remember_token` text,
  `avatar` text,
  `status` int(11) DEFAULT NULL,
  `created_at` timestamp NOT NULL DEFAULT CURRENT_TIMESTAMP ON UPDATE CURRENT_TIMESTAMP,
  `updated_at` timestamp NOT NULL DEFAULT '0000-00-00 00:00:00',
  `deleted_at` datetime DEFAULT NULL,
  PRIMARY KEY (`id`)
) ENGINE=InnoDB DEFAULT CHARSET=utf8;



# Dump of table sys_whislist
# ------------------------------------------------------------

DROP TABLE IF EXISTS `sys_whislist`;

CREATE TABLE `sys_whislist` (
  `id` int(11) unsigned NOT NULL AUTO_INCREMENT,
  `member_id` int(11) DEFAULT NULL,
  `fullname` varchar(200) DEFAULT NULL,
  `recipe_id` int(11) DEFAULT NULL,
  `status` int(11) DEFAULT NULL,
  `created_at` timestamp NOT NULL DEFAULT CURRENT_TIMESTAMP ON UPDATE CURRENT_TIMESTAMP,
  `updated_at` timestamp NOT NULL DEFAULT '0000-00-00 00:00:00',
  `deleted_at` datetime DEFAULT NULL,
  PRIMARY KEY (`id`)
) ENGINE=InnoDB DEFAULT CHARSET=utf8;




/*!40111 SET SQL_NOTES=@OLD_SQL_NOTES */;
/*!40101 SET SQL_MODE=@OLD_SQL_MODE */;
/*!40014 SET FOREIGN_KEY_CHECKS=@OLD_FOREIGN_KEY_CHECKS */;
/*!40101 SET CHARACTER_SET_CLIENT=@OLD_CHARACTER_SET_CLIENT */;
/*!40101 SET CHARACTER_SET_RESULTS=@OLD_CHARACTER_SET_RESULTS */;
/*!40101 SET COLLATION_CONNECTION=@OLD_COLLATION_CONNECTION */;
